year,yield
,kg/ha
2009,0
2010,4004.298535878609
2011,1661.3748378879654
2012,2758.193970530037
2013,2530.0271181697667
2014,1902.6254820892668
2015,1799.9795751912663
2016,2014.5865717420313
