year,yield
,kg/ha
2009,0
2010,2558.481105690846
2011,8497.812402322379
2012,6282.932919473207
2013,8409.136644431124
2014,10055.100272849038
2015,10221.324433860755
2016,0.0
