year,yield
,kg/ha
2009,0
2010,1304.4296231060807
2011,3399.9361620180107
2012,6216.857966326189
2013,8408.697267716525
2014,10109.710037328605
2015,10373.657967228402
2016,0.0
