year,yield
,kg/ha
2009,0
2010,9264.910662831255
2011,8937.96237675297
2012,7383.506846051293
2013,7826.446244372282
2014,0.0
2015,9466.620932862706
2016,0.0
