year,yield
,kg/ha
2009,0
2010,6688.01021227461
2011,8933.432162763358
2012,6338.876267467077
