year,yield
,kg/ha
2009,0
2010,927.0116228300732
2011,4840.242063421039
2012,7105.612631392081
2013,7992.127349591459
2014,9754.853570367277
2015,10546.401833464663
2016,0.0
