year,manure_N_applied,NO3_runoff,NH4_runoff,NH4_erosion,active_N_erosion,stable_N_erosion,fresh_N_erosion,NO3_drainage,NH4_drainage,active_N_drainage,fresh_N,profile_N
,kg,kg/ha,kg/ha,kg/ha,kg/ha,kg/ha,kg/ha,kg/ha,kg/ha,kg/ha,kg,kg
2009,0.0,0.706404294865607,0.04514201662264935,4.898316412274495e-05,0.0,0.0,0.0,43.06649029915777,0.7957076216357521,0.0,0.0,35.82754151677479
2010,137440.0,62.17995194695196,90.97018439726996,0.01565405104757568,45.47508957518797,9.551164883445674,0.00011867423997183244,530.6254518911836,43.84851683185448,34.497213479973844,0.5142435809147939,856.4386884808849
2011,100000.0,49.82823335462865,110.7446520029022,0.016688642562658475,37.80685160270519,15.097447601707236,0.003725758431022492,1833.4553796120883,234.78993780232275,157.11166696499606,9.273746851365672,2324.8967604756745
2012,100000.0,12.939256309801642,26.71502937126169,0.005305584744117188,17.7133231496157,9.175903663535236,0.0019276601798893086,884.4862515247246,90.04796258078507,81.69489152193482,12.791781565469973,3155.8648150061154
