year,yield
,kg/ha
2009,0
2010,6831.195366123902
2011,8933.409631935776
2012,6300.577123624973
