year,actual,calculated,difference,delta,N_drainage,N_runoff,N_erosion,N_uptake
,kg,kg,kg,kg,kg,kg,kg,kg
2009,0.0,-0.0726646980133244,0.0726646980133244,-44.686457913459236,43.862197920793534,0.7515463114882561,4.898316412274495e-05,0.0
2010,11040.0,1315.7815916133834,9724.218408386616,1050.244580818854,63.636175048550164,23.669405965252725,4.371028129770588,173.860401650956
2011,10520.0,2464.9210961873146,8055.078903812686,820.9951022206701,446.9602315064944,92.87434425064608,2.539686996315759,1101.551731213188
2012,10520.0,2998.775970643826,7521.224029356174,807.0278640447509,388.8877055088254,47.127539298495805,0.8720495680246204,1754.8608122237295
