year,actual,calculated,difference,delta,N_drainage,N_runoff,N_erosion,N_uptake
,kg,kg,kg,kg,kg,kg,kg,kg
2009,0.0,-0.0726646980133244,0.0726646980133244,-44.686457913459236,43.862197920793534,0.7515463114882561,4.898316412274495e-05,0.0
2010,47440.0,977.3226860109692,46462.67731398903,339.497129159107,164.01829357513554,49.876607325990555,19.568263646806603,404.36239230392954
2011,10000.0,1373.8998630832389,8626.10013691676,53.23408071041882,454.2317972726452,34.5102967294027,9.623392037122416,822.3002963336495
2012,10000.0,1565.7315359551883,8434.268464044811,202.95798401894115,176.6922210464499,7.386480968716022,3.5187257408243022,1175.176124180257
