year,yield
,kg/ha
2009,0
2010,615.3644059898904
2011,2033.4502035428484
2012,5763.195279023268
2013,8408.159184857972
2014,10054.81123572584
2015,10221.149373194254
2016,0.0
