year,manure_applied,manure_N_applied,manure_P_applied,fert_applied,fert_N_applied,fert_P_applied,fert_K_applied
,kg,kg,kg,kg,kg,kg,kg
2009,0.0,0.0,0.0,0.0,0.0,0.0,0.0
2010,2893165.3689474966,137440.0,121600.0,0.0,0.0,0.0,0.0
2011,6241465.569465682,100000.0,100000.0,0.0,0.0,0.0,0.0
2012,9942433.48552046,100000.0,100000.0,0.0,0.0,0.0,0.0
