year,yield
,kg/ha
2009,0
2010,9466.394544264704
2011,9781.758383731418
2012,9193.449499688766
2013,10911.575475020389
2014,9624.105185882452
2015,13117.263962667752
2016,6808.386484984034
