{
  "available_fertilizer_mixes": [
    {
      "name": "Triple 15",
      "N": 0.15,
      "P": 0.15,
      "K": 0.15
    },
    {
      "name": "Potash",
      "N": 0,
      "P": 0,
      "K": 1
    },
    {
      "name": "50-50",
      "N": 0.5,
      "P": 0,
      "K": 0.5
    }
  ],
  "mix_names": [
    "Potash",
    "Potash",
    "Potash",
    "Potash",
    "Triple 15",
    "50-50",
    "Triple 15",
    "50-50"
  ],
  "years": [
    2018,
    2019,
    2020,
    2021,
    2022,
    2022,
    2023,
    2023
  ],
  "days": [
    210,
    204,
    204,
    204,
    130,
    170,
    130,
    170
  ],
  "nitrogen_masses": [
    0,
    0,
    0,
    0,
    244.9398798,
    1360.77711,
    244.9398798,
    1360.77711
  ],
  "phosphorus_masses": [
    0,
    0,
    0,
    0,
    244.9398798,
    0,
    244.9398798,
    0
  ],
  "potassium_masses": [
    5443.10844,
    5443.10844,
    5443.10844,
    5443.10844,
    244.9398798,
    1360.77711,
    244.9398798,
    1360.77711
  ],
  "application_depths": [
    0,
    0,
    0,
    0,
    50.8,
    0,
    50.8,
    0
  ],
  "surface_remainder_fractions": [
    1,
    1,
    1,
    1,
    0.05,
    1,
    0.05,
    1
  ],
  "pattern_repeat": 0,
  "pattern_skip": 0
}