{
  "available_fertilizer_mixes": [
    {
      "name": "Triple 15",
      "N": 0.15,
      "P": 0.15,
      "K": 0.15
    },
    {
      "name": "Potash",
      "N": 0,
      "P": 0,
      "K": 1
    },
    {
      "name": "50-50",
      "N": 0.5,
      "P": 0,
      "K": 0.5
    }
  ],
  "mix_names": [
    "Triple 15",
    "50-50",
    "Triple 15",
    "50-50",
    "Triple 15",
    "50-50",
    "Triple 15",
    "50-50",
    "Triple 15",
    "50-50",
    "Triple 15",
    "50-50"
  ],
  "years": [
    2018,
    2018,
    2019,
    2019,
    2020,
    2020,
    2021,
    2021,
    2022,
    2022,
    2023,
    2023
  ],
  "days": [
    120,
    171,
    120,
    171,
    120,
    171,
    120,
    171,
    120,
    171,
    120,
    171
  ],
  "nitrogen_masses": [
    122.4699399,
    680.388555,
    122.4699399,
    680.388555,
    122.4699399,
    680.388555,
    122.4699399,
    680.388555,
    122.4699399,
    680.388555,
    122.4699399,
    680.388555
  ],
  "phosphorus_masses": [
    122.4699399,
    0,
    122.4699399,
    0,
    122.4699399,
    0,
    122.4699399,
    0,
    122.4699399,
    0,
    122.4699399,
    0
  ],
  "potassium_masses": [
    122.4699399,
    680.388555,
    122.4699399,
    680.388555,
    122.4699399,
    680.388555,
    122.4699399,
    680.388555,
    122.4699399,
    680.388555,
    122.4699399,
    680.388555
  ],
  "application_depths": [
    50.8,
    0,
    50.8,
    0,
    50.8,
    0,
    50.8,
    0,
    50.8,
    0,
    50.8,
    0
  ],
  "surface_remainder_fractions": [
    0.05,
    1,
    0.05,
    1,
    0.05,
    1,
    0.05,
    1,
    0.05,
    1,
    0.05,
    1
  ],
  "pattern_repeat": 0,
  "pattern_skip": 0
}