year,yield
,kg/ha
2009,0
2010,9694.332817173841
2011,9893.434265952477
2012,7706.672472744327
