year,yield
,kg/ha
2009,0
2010,2224.9229211172883
2011,8927.218387466326
2012,6302.175281521421
2013,7751.300466499445
2014,7545.020913189357
2015,10334.029200222127
2016,0.0
