year,yield
,kg/ha
1980,0
1981,0.0
1982,0.0
1983,0.0
1984,0.0
1985,0.0
1986,0.0
1987,0.0
1988,0.0
1989,0.0
1990,0.0
1991,0.0
1992,0.0
1993,0.0
1994,0.0
1995,0.0
1996,0.0
1997,0.0
1998,0.0
1999,0.0
2000,0.0
2001,0.0
2002,0.0
2003,0.0
2004,0.0
2005,0.0
2006,0.0
2007,0.0
2008,0.0
2009,0.0
2010,0.0
2011,0.0
2012,145.7958562454927
2013,387.1813233202474
2014,1292.1889479604965
2015,1885.7036984840097
2016,6424.5552280965085
2017,4345.831626385413
2018,0.0
2019,0.0
