{
    "avg_calf_age": 29.269085411942555,
    "avg_cow_age": 1288.7172790768295,
    "avg_heiferIII_age": 666.8807495741056,
    "avg_heiferII_age": 509.3675536480687,
    "avg_heiferI_age": 208.46412451361869,
    "avg_replacement_age": 682.988693880234,
    "cow_avg_CI": 416.31808622502626,
    "cow_avg_days_in_milk": 181.568252433888,
    "cow_avg_days_in_preg": 131.51454138702462,
    "cow_avg_parity": 1.960218645611904,
    "num_calf": 1323,
    "num_cow": 16465,
    "num_heiferI": 6425,
    "num_heiferII": 5825,
    "num_heiferIII": 587,
    "num_replacement": 30426
}