year,yield
,kg/ha
2009,0
2010,6310.934369390566
2011,9060.17044429949
2012,6290.398204156892
2013,8409.287899347675
2014,10054.515161672665
2015,10221.041767037503
2016,0.0
