year,actual,calculated,difference,delta,P_drainage,P_runoff,P_erosion,P_uptake
,kg,kg,kg,kg,kg,kg,kg,kg
2009,0.0,0.08450463396371222,-0.08450463396371222,-1.5606773282481754,0.0,0.24390241616850333,0.3852811371091026,1.0159984089342817
2010,12000.0,8487.032924754016,3512.9670752459842,8416.903183000191,0.0,59.05859398525212,3.099000444895478,7.972147323676785
2011,12000.0,8529.856287508252,3470.1437124917484,8375.668185997485,0.0,115.96854225198683,3.717898652221532,34.501660606559064
2012,12000.0,8630.962194532052,3369.0378054679477,8402.173568594226,0.0,173.6322493422428,1.0935455070101365,54.06283108857294
2013,12000.0,8654.720600381619,3345.279399618381,8276.07722262085,0.0,291.73639975164826,6.644474940485875,80.26250306863587
2014,12000.0,8741.508812839404,3258.4911871605964,8244.263943639526,0.0,377.2839956771282,8.333114794058815,111.62775872869105
2015,12000.0,8810.302324880713,3189.697675119287,8202.36884311337,0.0,454.6861312143187,9.731434430652133,143.5159161223711
2016,12000.0,8734.386405933148,3265.613594066852,8217.495360012057,0.0,332.73484799127954,9.261284006034282,174.8949139237771
