year,manure_N_applied,NO3_runoff,NH4_runoff,NH4_erosion,active_N_erosion,stable_N_erosion,fresh_N_erosion,NO3_drainage,NH4_drainage,active_N_drainage,fresh_N,profile_N
,kg,kg/ha,kg/ha,kg/ha,kg/ha,kg/ha,kg/ha,kg/ha,kg/ha,kg/ha,kg,kg
2009,0.0,0.706404294865607,0.04514201662264935,4.898316412274495e-05,0.0,0.0,0.0,43.06649029915777,0.7957076216357521,0.0,0.0,35.82754151677479
2010,47440.0,17.563767748104272,32.312839577886294,0.006497979384228499,19.561646993182407,4.328411635029466,0.00011867423997183244,131.6189865187869,17.982253585062534,14.417053471286138,0.5142435809147939,238.14855277169036
2011,10000.0,8.261263116448628,26.24903361295406,0.003964135860142625,9.61570214283125,4.660081444697142,0.003725758431022492,331.15758111809356,66.47121130266808,56.603004851883455,9.273746851365672,435.1860638863069
2012,10000.0,1.7107858987691884,5.675695069946833,0.001121240488695106,3.515676840155718,2.3861976818681674,0.0019276601798893086,128.82517664058338,21.182564430652796,26.68447997521372,12.791781565469973,448.0993212408338
