{
    "fertilizer": {
        "mixes": {
            "0_0_60": {
                "N": 0.0,
                "P": 0.0,
                "K": 0.6
            },
            "6_24_24": {
                "N": 0.06,
                "P": 0.24,
                "K": 0.24
            },
            "5_10_30": {
                "N": 0.05,
                "P": 0.1,
                "K": 0.3
            },
            "5_14_42": {
                "N": 0.05,
                "P": 0.14,
                "K": 0.42
            },
            "82_0_0": {
                "N": 0.82,
                "P": 0.0,
                "K": 0.0
            }
        },
        "rotation_years": [],
        "repeat": 0,
        "mix": ["6_24_24", "0_0_60", "6_24_24", "5_10_30", "5_14_42", "82_0_0", "5_14_42", "0_0_60", "0_0_60", "0_0_60",
            "5_14_42", "0_0_60", "0_0_60", "5_14_42", "0_0_60", "0_0_60", "0_0_60", "0_0_60", "5_14_42", "0_0_60", "0_0_60", "0_0_60"],
        "year": [1992, 1996, 1997, 2001, 2003, 2003, 2005, 2007, 2008, 2008, 2009, 2011, 2012, 2013, 2015, 2015, 2016, 2016, 2017, 2018, 2019, 2019],
        "day": [103, 192, 104, 105, 119, 164, 119, 212, 155, 225, 120, 220, 201, 127, 146, 180, 144, 207, 125, 117, 189, 220],
        "N_mass": [6.7251, 0, 6.7251, 5.60425, 5.60425, 110.29164, 5.60425, 0, 0, 0, 5.60425, 0, 0, 5.60425, 0, 0, 0, 0, 5.60425, 0, 0, 0],
        "P_mass": [26.9004, 0, 26.9004, 11.2085, 15.6919, 0, 15.6919, 0, 0, 0, 15.6919, 0, 0, 15.6919, 0, 0, 0, 0, 15.6919, 0, 0, 0],
        "K_mass": [26.9004, 80.7012, 26.9004, 33.6255, 47.0757, 0, 47.0757, 67.251, 201.753, 201.753, 47.0757, 67.251, 189.144, 47.0757, 100.8768, 100.8768, 188.3028, 188.3028, 47.0757, 30.26298, 201.753, 201.753],
        "depth": [0.0, 0.0, 0.0, 0.0, 0.0, 0.0, 0.0, 0.0, 0.0, 0.0, 0.0, 0.0, 0.0, 0.0, 0.0, 0.0, 0.0, 0.0, 0.0, 0.0, 0.0, 0.0],
        "surface_percent": [1.0, 1.0, 1.0, 1.0, 1.0, 1.0, 1.0, 1.0, 1.0, 1.0, 1.0, 1.0, 1.0, 1.0, 1.0, 1.0, 1.0, 1.0, 1.0, 1.0, 1.0, 1.0]
    },
    "manure": {
        "rotation_years": [],
        "repeat": 0,
        "year": [1990, 1992, 1992, 1994, 1996, 1997, 2000, 2001, 2004, 2004, 2005, 2008, 2009, 2009, 2012, 2013, 2016, 2017],
        "day": [113, 312, 328, 308, 311, 310, 315, 316, 317, 322, 315, 310, 320, 316, 304, 324, 280, 318],
        "N_mass": [44834, 44834, 44834, 44834, 44834, 44834, 44834, 44834, 44834, 44834, 9000, 16000, 16000, 16000, 8, 12000, 7105, 14000],
        "P_mass": [44834, 44834, 44834, 44834, 44834, 44834, 44834, 44834, 44834, 44834, 9000, 16000, 16000, 16000, 8, 12000, 7105, 14000],
        "cover_percent": [0.95, 0.95, 0.95, 0.95, 0.95, 0.95, 0.95, 0.95, 0.95, 0.95, 0.95, 0.95, 0.95, 0.95, 0.95, 0.95, 0.95, 0.95],
        "depth": [0.0, 0.0, 0.0, 0.0, 0.0, 0.0, 0.0, 0.0, 0.0, 0.0, 0.0, 0.0, 0.0, 0.0, 0.0, 0.0, 0.0, 0.0],
        "surface_percent": [1.0, 1.0, 1.0, 1.0, 1.0, 1.0, 1.0, 1.0, 1.0, 1.0, 1.0, 1.0, 1.0, 1.0, 1.0, 1.0, 1.0, 1.0]
    },
    "tillage": {
        "rotation_years": [],
        "repeat": 0,
        "year": [1989, 1992, 1993, 1993, 1993, 1993, 1994, 1997, 1997, 1997, 1998, 2000, 2001, 2001, 2001, 2001, 2001, 2001, 2002, 2002, 2003, 2003, 2003, 2003, 2003, 2004, 2005, 2005, 2006, 2008, 2009, 2009, 2010, 2010, 2012, 2013, 2013, 2013, 2014, 2016, 2017, 2017, 2018],
        "day": [305, 336, 120, 121, 186, 313, 108, 100, 114, 324, 105, 316, 114, 317, 305, 136, 142, 160, 317, 325, 113, 119, 315, 304, 169, 322, 119, 319, 96, 316, 122, 328, 83, 88, 321, 126, 339, 298, 112, 283, 125, 321, 117],
        "percent_incorporated": [0.3, 0.3, 0.3, 0.3, 0.3, 0.3, 0.3, 0.3, 0.3, 0.3, 0.3, 0.3, 0.3, 0.3, 0.3, 0.3, 0.3, 0.3, 0.3, 0.3, 0.3, 0.3, 0.3, 0.3, 0.3, 0.3, 0.3, 0.3, 0.3, 0.3, 0.3, 0.3, 0.3, 0.3, 0.3, 0.3, 0.3, 0.3, 0.3, 0.3, 0.3, 0.3, 0.3],
        "percent_mixed": [0.725, 0.3, 0.6, 0.55, 0.95, 0.3, 0.575, 0.3, 0.95, 0.3, 0.95, 0.3, 0.95, 0.3, 0.0, 0.1, 0.3, 0.3, 0.3, 0.3, 0.95, 0.95, 0.1, 0.1, 0.3, 0.3, 0.3, 0.3, 0.55, 0.55, 0.3, 0.55, 0.3, 0.25, 0.55, 0.3, 0.55, 0.1, 0.3, 0.55, 0.3, 0.55, 0.3],
        "depth": [150, 150, 100, 75, 150, 150, 100, 150, 150, 150, 150, 150, 150, 150, 0.0, 5, 100, 100, 150, 150, 100, 100, 5, 5, 100, 150, 100, 150, 75, 150, 100, 150, 100, 25, 150, 100, 150, 5, 100, 150, 100, 150, 100]
    }
}