{
    "fertilizer": {
        "composition": {
            "N": 0.0,
            "P": 0.0,
            "K": 0.0
        },
        "rotation_years": [],
        "repeat": 0,
        "year": [],
        "day": [],
        "N_mass": [],
        "P_mass": [],
        "K_mass": [],
        "depth": [],
        "surface_percent": []
    },
    "manure": {
        "rotation_years": [],
        "repeat": 0,
        "year": [1989, 1992, 1993, 1996, 1997, 2000, 2001, 2004, 2005, 2008, 2009, 2012, 2013, 2016, 2017, 2018],
        "day": [319, 319, 319, 319, 319, 319, 319, 319, 319, 319, 319, 319, 319, 319, 319, 319],
        "N_mass": [236, 243, 179, 191, 205, 253.7, 191.3, 223, 285.03, 156.1467, 316.52, 150.44, 218.16, 64.2557, 64.2557, 245.385],
        "P_mass": [62.7, 72.7, 40, 42, 33, 48.972, 28, 48.87585, 46.9557, 23.6, 53.768, 31.83136, 38.4912, 33.20163, 33.20163, 48.125],
        "cover_percent": [0.95, 0.95, 0.95, 0.95, 0.95, 0.95, 0.95, 0.95, 0.95, 0.95, 0.95, 0.95, 0.95, 0.95, 0.95, 0.95],
        "depth": [0.0, 0.0, 0.0, 0.0, 0.0, 0.0, 0.0, 0.0, 0.0, 0.0, 0.0, 0.0, 0.0, 0.0, 0.0, 0.0],
        "surface_percent": [1.0, 1.0, 1.0, 1.0, 1.0, 1.0, 1.0, 1.0, 1.0, 1.0, 1.0, 1.0, 1.0, 1.0, 1.0, 1.0]
    },
    "tillage": {
        "rotation_years": [],
        "repeat": 0,
        "year": [],
        "day": [],
        "perc_incorporated": [],
        "perc_mixed": [],
        "depth": []
    }
}