year,ET_max,ET
,mm H20,mm H20
2009,95.05947083362915,63.77478450831217
2010,501.3493347841903,373.0891275914861
2011,393.3857178218096,265.6690226429723
