year,actual,calculated,difference,delta,N_drainage,N_runoff,N_erosion,N_uptake
,kg,kg,kg,kg,kg,kg,kg,kg
2009,0.0,-0.0726646980133244,0.0726646980133244,-44.686457913459236,43.862197920793534,0.7515463114882561,4.898316412274495e-05,0.0
2010,0.0,1112.286910228306,-1112.286910228306,1003.0224852395926,46.04763239074746,15.0020473842981,0.032672315816602605,48.18207289785127
2011,0.0,2073.2601391362678,-2073.2601391362678,720.1089673545735,297.672921943611,79.36045238055928,0.24205521785299536,975.8757422396708
2012,0.0,3328.1074469441974,-3328.1074469441974,1401.440304727508,260.674898949327,32.6867362504946,0.1484199550279983,1633.1570870618398
