year,yield
,kg/ha
2009,0
2010,9694.332817173841
2011,9893.434265952477
2012,9430.227277169077
2013,11022.249081851733
2014,9717.37415186987
2015,13152.747879052326
2016,6944.625100807222
