year,manure_applied,manure_N_applied,manure_P_applied,fert_applied,fert_N_applied,fert_P_applied,fert_K_applied
,kg,kg,kg,kg,kg,kg,kg
2009,0.0,0.0,0.0,0.0,0.0,0.0,0.0
2010,616762.1840646149,47440.0,31600.0,0.0,0.0,0.0,0.0
2011,624146.5569465682,10000.0,10000.0,0.0,0.0,0.0,0.0
2012,994243.348552046,10000.0,10000.0,0.0,0.0,0.0,0.0
