year,yield
,kg/ha
2009,0
2010,9529.598050871473
2011,8937.041186719493
2012,0.0
