year,yield
,kg/ha
2009,0
2010,1345.4301814913222
2011,3659.1039298873175
2012,6220.197466288755
2013,8408.720178721462
2014,10055.324791824687
2015,10221.377789521357
2016,0.0
