year,TS,VS,N,P,K,TS_liquid,VS_liquid,N_liquid,P_liquid,K_liquid,TS_DM_effluent,CH4_emissions
,kg,kg,kg,kg,kg,kg,kg,kg,kg,kg,kg,kg
2009,171041876.6133004,333175322.1529914,261957534.94507298,22974255.374675024,39495796.56195296,498872140.12212604,272597990.8524474,611234248.20517,34461383.06201254,223809513.85106677,695272.1879871248,161303.4342464066
2010,2484883668.681023,4840346312.951581,3087734779.072559,263972426.4677814,463803882.45752096,6748705226.864188,3687685356.1079354,6593480236.297465,361497256.63965976,2404412486.7415547,2073214.2574691458,2375002.9264797787
2011,7579576660.255251,14764383702.788881,8494976869.397452,732310561.0837442,1258620759.8025846,14859521225.42486,8119666955.321445,12616898210.75807,702507201.9239452,4503962304.955361,2068297.0106887424,5165764.586011419
2012,12567516525.37833,24480474898.393223,13301735272.091143,1129762672.024176,1943943403.9433408,14548157939.942362,7949529160.039982,11215769606.285244,596178166.4106499,3883494983.46429,1393494.616224355,5049103.878090884
