year,manure_N_applied,NO3_runoff,NH4_runoff,NH4_erosion,active_N_erosion,stable_N_erosion,fresh_N_erosion,NO3_drainage,NH4_drainage,active_N_drainage,fresh_N,profile_N
,kg,kg/ha,kg/ha,kg/ha,kg/ha,kg/ha,kg/ha,kg/ha,kg/ha,kg/ha,kg,kg
2009,0.0,0.706404294865607,0.04514201662264935,4.898316412274495e-05,0.0,0.0,0.0,43.06649029915777,0.7957076216357521,0.0,0.0,35.82754151677479
2010,1040.0,1.1186585124521873,19.402820890400363,0.014567181212248145,0.3533702340637543,0.06400967001884102,0.03453766604258596,62.092471868824596,19.482339224026294,0.22449251141034124,201.95982291221543,263.674425338809
2011,520.0,43.01785974993637,99.43823026628448,0.010324884377761986,0.2337854174456751,0.06942197624091116,0.292221652158124,600.2889078364664,85.6931009139058,1.4095520953283023,1424.4733411785353,2456.5516469748395
2012,4160.0,11.032300873112883,47.207452323917565,0.005404949238415797,0.10555205719654022,0.035163967492372064,0.11412998711860715,537.4986588665106,101.99019605376074,1.0136842308835328,1647.8432890577767,3763.325042102467
