{
  "years": [
    2018,
    2019,
    2020,
    2021,
    2021,
    2021,
    2022,
    2022,
    2022,
    2023,
    2023,
    2023
  ],
  "days": [
    121,
    121,
    121,
    101,
    181,
    241,
    142,
    172,
    233,
    142,
    172,
    233
  ],
  "nitrogen_masses": [
    13607.7711,
    13607.7711,
    13607.7711,
    13607.7711,
    2177.243376,
    13607.7711,
    2177.243376,
    13607.7711,
    13607.7711,
    2177.243376,
    13607.7711,
    13607.7711
  ],
  "phosphorus_masses": [
    7076.040972000001,
    7076.040972000001,
    7076.040972000001,
    7076.040972000001,
    1306.3460256,
    7076.040972000001,
    1306.3460256,
    7076.040972000001,
    7076.040972000001,
    1306.3460256,
    7076.040972000001,
    7076.040972000001
  ],
  "potassium_masses": [
    13063.460256,
    13063.460256,
    13063.460256,
    13063.460256,
    2177.243376,
    13063.460256,
    2177.243376,
    13063.460256,
    13063.460256,
    2177.243376,
    13063.460256,
    13063.460256
  ],
  "coverage_fractions": [
    1,
    1,
    1,
    1,
    1,
    1,
    1,
    1,
    1,
    1,
    1,
    1
  ],
  "application_depths": [
    152.39999999999998,
    152.39999999999998,
    0,
    0,
    0,
    0,
    0,
    0,
    0,
    0,
    0,
    0
  ],
  "manure_types": [
    "liquid",
    "liquid",
    "liquid",
    "liquid",
    "solid",
    "liquid",
    "solid",
    "liquid",
    "liquid",
    "solid",
    "liquid",
    "liquid"
  ],
  "surface_remainder_fractions": [
    0.05,
    0.05,
    1,
    1,
    1,
    1,
    1,
    1,
    1,
    1,
    1,
    1
  ],
  "pattern_repeat": 0,
  "pattern_skip": 0
}