{
  "years": [
    2018,
    2018,
    2019,
    2019,
    2020,
    2020,
    2021,
    2021,
    2022,
    2022,
    2023,
    2023
  ],
  "days": [
    121,
    194,
    121,
    194,
    121,
    194,
    121,
    194,
    121,
    194,
    121,
    194
  ],
  "nitrogen_masses": [
    1088.621688,
    6803.88555,
    1088.621688,
    6803.88555,
    1088.621688,
    6803.88555,
    1088.621688,
    6803.88555,
    1088.621688,
    6803.88555,
    1088.621688,
    6803.88555
  ],
  "phosphorus_masses": [
    653.1730128,
    3538.0204860000003,
    653.1730128,
    3538.0204860000003,
    653.1730128,
    3538.0204860000003,
    653.1730128,
    3538.0204860000003,
    653.1730128,
    3538.0204860000003,
    653.1730128,
    3538.0204860000003
  ],
  "potassium_masses": [
    1088.621688,
    6531.730128,
    1088.621688,
    6531.730128,
    1088.621688,
    6531.730128,
    1088.621688,
    6531.730128,
    1088.621688,
    6531.730128,
    1088.621688,
    6531.730128
  ],
  "coverage_fractions": [
    1,
    1,
    1,
    1,
    1,
    1,
    1,
    1,
    1,
    1,
    1,
    1
  ],
  "application_depths": [
    0,
    152.39999999999998,
    0,
    152.39999999999998,
    0,
    152.39999999999998,
    0,
    152.39999999999998,
    0,
    152.39999999999998,
    0,
    152.39999999999998
  ],
  "manure_types": [
    "solid",
    "liquid",
    "solid",
    "liquid",
    "solid",
    "liquid",
    "solid",
    "liquid",
    "solid",
    "liquid",
    "solid",
    "liquid"
  ],
  "surface_remainder_fractions": [
    1,
    0.05,
    1,
    0.05,
    1,
    0.05,
    1,
    0.05,
    1,
    0.05,
    1,
    0.05
  ],
  "pattern_repeat": 0,
  "pattern_skip": 0
}