{
    "years": [
        2021,
        2021,
        2022,
        2022,
        2023,
        2023,
        2024,
        2024,
        2025,
        2025
    ],
    "days": [
        105,
        288,
        105,
        288,
        105,
        288,
        107,
        297,
        106,
        296
    ],
    "nitrogen_masses": [
        45341.093305200004,
        45341.093305200004,
        45341.093305200004,
        45341.093305200004,
        45341.093305200004,
        45341.093305200004,
        45341.093305200004,
        45341.093305200004,
        45341.093305200004,
        45341.093305200004
    ],
    "phosphorus_masses": [
        17272.797449600002,
        17272.797449600002,
        17272.797449600002,
        17272.797449600002,
        17272.797449600002,
        17272.797449600002,
        17272.797449600002,
        17272.797449600002,
        17272.797449600002,
        17272.797449600002
    ],
    "potassium_masses": [
        45341.093305200004,
        45341.093305200004,
        45341.093305200004,
        45341.093305200004,
        45341.093305200004,
        45341.093305200004,
        45341.093305200004,
        45341.093305200004,
        45341.093305200004,
        45341.093305200004
    ],
    "coverage_fractions": [
        1,
        1,
        1,
        1,
        1,
        1,
        1,
        1,
        1,
        1
    ],
    "application_depths": [
        0,
        0,
        0,
        0,
        0,
        0,
        0,
        0,
        0,
        0
    ],
    "manure_types": [
        "liquid",
        "liquid",
        "liquid",
        "liquid",
        "liquid",
        "liquid",
        "liquid",
        "liquid",
        "liquid",
        "liquid"
    ],
    "surface_remainder_fractions": [
        1,
        1,
        1,
        1,
        1,
        1,
        1,
        1,
        1,
        1
    ],
    "supplement_manure_nutrient_deficiencies": [
        "manure",
        "manure",
        "manure",
        "manure",
        "manure",
        "manure",
        "manure",
        "manure",
        "manure",
        "manure"
    ],
    "pattern_repeat": 0,
    "pattern_skip": 0
}