year,yield
,kg/ha
2009,0
2010,9694.332817173841
2011,9893.434265952477
2012,7330.583395964963
2013,8774.797110899932
2014,10400.013171688493
2015,9838.259416418032
2016,6221.9509085914415
