year,yield
,kg/ha
2009,0
2010,9264.896559230114
2011,8937.96234695101
2012,0.0
