year,actual,calculated,difference,delta,N_drainage,N_runoff,N_erosion,N_uptake
,kg,kg,kg,kg,kg,kg,kg,kg
2009,0.0,-0.0726646980133244,0.0726646980133244,-44.686457913459236,43.862197920793534,0.7515463114882561,4.898316412274495e-05,0.0
2010,101040.0,3553.993449814881,97486.00655018512,2096.001611854032,325.342984037926,102.15883855920029,41.26988969820261,989.2201256655203
2011,100520.0,6960.546022762452,93559.45397723754,2550.5012343738563,2220.727821878161,250.66111908986394,21.250895435115204,1917.4049519854552
2012,104160.0,6994.677703483092,97165.32229651691,2610.8694942774637,1614.3053455694426,77.44685766191019,7.143021790267192,2684.912984184009
