year,manure_applied,manure_N_applied,manure_P_applied,fert_applied,fert_N_applied,fert_P_applied,fert_K_applied
,kg,kg,kg,kg,kg,kg,kg
2009,0.0,0.0,0.0,0.0,0.0,0.0,0.0
2010,268265.2401050506,11040.0,10600.0,0.0,0.0,0.0,0.0
2011,642931.7914504162,10520.0,10300.0,0.0,0.0,0.0,0.0
2012,1021363.3637407913,10520.0,10300.0,0.0,0.0,0.0,0.0
