{
  "time":
  {
      "StartDate": "2012:102",
      "EndDate": "2013:335"
  },

  "weather": "surphos_weather_doody5.csv",

  "output":
  {
      "active": true,
      "produce_diagnostics": true,
      "show_daily": true
  },

  "soil":
  {
      "FieldArea": 1.0,
      "Depth": [2.5, 15.0, 75.0],
      "LabileP": [23.7, 10.0, 10.0],
      "Clay": [20.0, 20.0, 20.0],
      "SoilOM": [4.8, 3.4, 2.0],
      "BulkDensity": [1.3, 1.3, 1.3],
      "CoverType": 3
  },

  "manure":
  {
      "type": [1, 1, 1, 1, 1, 1, 1, 1],
      "year": [2012, 2012, 2012, 2012, 2013, 2013, 2013],
      "day": [137 ,191, 226, 283, 161, 204, 277],
      "mass": [1869.0, 2009.0, 1329.0, 2228.0, 1197.0, 1370.0, 1623.0],
      "P_frac": [0.00714, 0.00725, 0.00941, 0.00656, 0.00869, 0.00657, 0.00784],
      "WIP_frac": [0.6, 0.6, 0.6, 0.6, 0.6, 0.6, 0.6],
      "WOP_frac": [0.05, 0.05, 0.05, 0.05, 0.05, 0.05, 0.05],
      "N_frac": [0, 0, 0, 0, 0, 0, 0],
      "NH4_frac": [0, 0, 0, 0, 0, 0, 0],
      "dry_matter": [0.06, 0.06, 0.04, 0.04, 0.04, 0.05, 0.06],
      "percent_cover": [0.95, 0.95, 0.95, 0.95, 0.95, 0.95, 0.95],
      "depth": [0.0, 0.0, 0.0, 0.0, 0.0, 0.0, 0.0],
      "surf_perc": [1.0, 1.0, 1.0, 1.0, 1.0, 1.0, 1.0]
  },

  "fertilizer":
  {
    "year": [0],
    "day": [0],
    "mass": [0.0],
    "depth": [0.0],
    "surf_perc": [0.0]
  },

  "tillage":
  {
    "year": [0],
    "day": [0],
    "perc_incorporated": [0.0],
    "perc_mixed": [0.0],
    "depth": [0.0]
  },

  "p_uptake":
  {
    "year": [2012, 2013],
    "annual_uptake": [25.0, 25.0]
  }




}