year,actual,calculated,difference,delta,N_drainage,N_runoff,N_erosion,N_uptake
,kg,kg,kg,kg,kg,kg,kg,kg
2009,0.0,-0.0726646980133244,0.0726646980133244,-44.686457913459236,43.862197920793534,0.7515463114882561,4.898316412274495e-05,0.0
2010,37440.0,7912.829665977282,29527.170334022718,1343.5611059987154,4668.950133451209,1441.5369747021853,17.72197975290833,441.05947207226427
2011,0.0,1060.3952488567027,-1060.3952488567027,-1030.3811193281108,1204.3847782920575,20.904585527713348,6.489628263058382,858.9973761019843
2012,0.0,1250.7803495801447,-1250.7803495801447,-125.98596822302011,159.0724014797809,3.9230920222638566,1.940744557078151,1211.830079744042
