year,manure_P_applied,P_uptake,fert_P_leach,M_leach,DRP_leach,M_DRP_runoff,fert_P_runoff,DRP_runoff,MIP_runoff,MOP_runoff
,kg,kg,kg,kg,kg,kg,kg,kg,kg,kg
2009,600.0,1.0159984089342817,50.0,0.0,2.6645352591454867e-15,2.8980133266961303,0.0,0.9214085483806798,0.0,0.0
2010,522.1814512433633,19.664006565969775,50.0,0.0,2.0399883588639238e-25,9.50698663721265,0.0,4.96752613169839,0.0,0.0
2011,1121.4255004902616,47.94723196537509,150.0,0.0,5.329070518200751e-15,18.31538691674555,0.0,7.615918742519682,0.0,0.0
2012,1119.3494543297452,67.53164791435051,200.0,0.0,2.6645352591003757e-15,25.03653652072094,0.0,5.601940721881463,0.0,0.0
2013,1116.449190949002,93.73179120198358,785.4188440548354,0.0,2.6645352591003757e-14,43.82034200943156,10.972077063010989,22.0868986031447,0.0,0.0
2014,1114.1274426612854,125.0952197524726,882.611280130813,0.0,8.881784197001252e-15,55.09083105270584,12.375859025022205,25.229958698455057,0.0,0.0
2015,3512.3192287678794,156.98249463619857,2002.422358153504,0.0,3.2862601528904634e-14,94.86451682149384,14.089596197979965,44.27849814292066,0.0,0.0
2016,1110.8766893418363,188.36149243760457,2052.4223581535043,0.0,2.6645352591003757e-15,67.17940723350983,14.089596197979965,39.466636042415715,0.0,0.0
