year,manure_applied,ET_max,ET
,kg,mm H20,mm H20
2009,0.0,95.05947083362915,63.77478450831217
2010,13246.594579403749,501.3493347841903,370.69948195990304
2011,16286.908193644758,494.7423604455094,313.74327313863864
2012,207909.67439986503,470.9545227507367,270.09195693027647
