year,yield
,kg/ha
2009,0
2010,1199.6857535069303
2011,6409.7080869711535
2012,7363.610433693581
2013,7826.210927523827
2014,0.0
2015,9466.615133433908
2016,0.0
