year,yield
,kg/ha
2009,0
2010,14344.523041254792
2011,17974.915281180678
2012,14417.765761456772
2013,16042.131126938282
2014,19360.219948874696
2015,20936.77723288128
2016,0
