Region,193
Great.Lakes,0.0
Intermountain,0.36050953664380686
Mid-Atlantic,0.12834917977208865
Mississippi.Valley,0.10988364737852288
New.England,0.0
Northeast,0.05437902358625894
Northern.Plains,0.18308503452531033
Pacific.Northwest,0.231817554820687
Southeast,0.17798137800539188
Southwest,0.29128462725915594
Upper.Midwest,0.0
West,0.24794657464703662
